Label,X,Y,Z
P1,3.34674439644439,3.120691989875608,0.338713766258929
P2,3.797226744414383,4.671645242909888,9.43308891125141
P3,2.7494340567364817,4.748904276159052,3.2992831093976793
P4,6.282048899875868,3.252628122049541,3.7267099469327247
P5,3.9870585469099,9.601921691022227,2.712742908728808
